ID,Entry_Type,address,annote,author,booktitle,collaborator,copyright,doi,edition,editor,institution,isbn,issn,journal,keywords,language,month,note,number,pages,pmcid,pmid,publisher,school,series,shorttitle,title,type,url,urldate,volume,year
Kirch-1982-Tikopia,book,,Kirch-1982-Tikopia,"Kirch, Patrick Vinton and Yen, Douglas E.",,,,,,,,,,,,,,,,,,,Bernice P. Bishop Museum,,B.{P}. {Bishop} {Museum} {Bulletin} 238,,Tikopia. {The} {Prehistory} and {Ecology} of a {Polynesian} {Outlier},,,,,1982
McAlister-2017-PO,article,,McAlister-2017-PO,"McAlister, Andrew and Allen, Melinda S.",,,,10.1371/journal.pone.0188207,,,,,1932-6203,PLOS ONE,"Archaeology, Decision trees, Geochemistry, Islands, Paleoanthropology, Polynesian people, Raw materials, Volcanoes",,December,,12,e0188207,,,,,,,Basalt geochemistry reveals high frequency of prehistoric tool exchange in low hierarchy {Marquesas} {Islands} ({Polynesia}),,http://journals.plos.org/plosone/article?id=10.1371/journal.pone.0188207,2018-01-08,12,2017
Clark-2014-PNAS,article,,Clark-2014-PNAS,"Clark, Geoffrey and Reepmeyer, Christian and Melekiola, Nivaleti and Woodhead, Jon and Dickinson, William R. and Martinsson-Wallin, Helene",,,,10.1073/pnas.1406165111,,,,,"0027-8424, 1091-6490",Proceedings of the National Academy of Sciences,"complex societies, geochemical sourcing, Polynesian archaeology",en,July,,29,10491--10496,,25002481,,,,,Stone tools from the ancient {Tongan} state reveal prehistoric interaction centers in the {Central} {Pacific},,http://www.pnas.org/content/111/29/10491,2018-01-07,111,2014
Rolett-1998-Hanamiai,book,,Rolett-1998-Hanamiai,"Rolett, Barry Vladimir",,,,,,,,978-0-09-135161-8,,,,en,,,,,,,"Department of Anthropology and The Peabody Museum, Yale University",,,Hanamiai,"Hanamiai: {Prehistoric} {Colonization} and {Cultural} {Change} in the {Marquesas} {Islands}, {East} {Polynesia}",,,,,1998
McAlister-2011-Phd,phdthesis,"Auckland, New Zealand",McAlister-2011-Phd,"McAlister, Andrew Joseph",,,,,,,,,,,,,,,,,,,,Auckland University,,Methodological issues in the geochemical characterisation and morphological analysis of stone tools,"Methodological issues in the geochemical characterisation and morphological analysis of stone tools: a case study from {Nuku} {Hiva}, {Marquesas} {Islands}, east {Polynesia}",,,,,2011
Molle-2016-Tetiaroa,techreport,Tahiti,Molle-2016-Tetiaroa,"Molle, Guillaume and Hermann, Aymeric",,,,,,,"Teti'aroa Society, Seeley Foundation",,,,,,,,,,,,,,,,An {Atoll} in {History}: {Archaeological} {Research} on {Teti}'aroa ({Society} {Islands}). {Final} {Report} {Phase} 1,,,,,2016
Hermann-2016-AO,article,,Hermann-2016-AO,"Hermann, Aymeric and Bollt, Robert and Conte, Eric",,,,10.1002/arco.5070,,,,,1834-4453,Archaeology in Oceania,"Austral Islands, chronologie, chronology, coastal occupation, East Polynesia, Iles Australes, occupation côtière, Polynésie orientale, stratigraphie, stratigraphy",en,April,,1,31--44,,,,,,The {Atiahara} site revisited,"The {Atiahara} site revisited: {An} early coastal settlement in {Tubuai} ({Austral} {Islands}, {French} {Polynesia})",,http://onlinelibrary.wiley.com/doi/10.1002/arco.5070/abstract,2017-12-23,51,2016
Hermann-2013-PHD,phdthesis,Tahiti,Hermann-2013-PHD,"Hermann, Aymeric",,,,,,,,,,,,,,,,,,,,Université de Polynésie Française,,,Les industries lithiques pré-européennes de {Polynésie} centrale : savoir-faire et dynamiques techno-économiques,{PhD},https://tel.archives-ouvertes.fr/tel-00936331,,,2013
Hermann-2017-JASR,article,,Hermann-2017-JASR,"Hermann, Aymeric and Sauzéat, Lucie and Guillou, Hervé and Maury, René C. and Chauvel, Catherine and Liorzou, Céline and Conte, Eric",,,,10.1016/j.jasrep.2017.03.024,,,,,2352-409X,Journal of Archaeological Science: Reports,"Polynesia, Geochemistry, Adzes, Geochronology, Provenance studies, Voyaging",,June,,Supplement C,75--87,,,,,,,Combined geochemical and geochronological analyses of stone artefacts provide unambiguous evidence of intra- and inter-island interactions in {Polynesia},,http://www.sciencedirect.com/science/article/pii/S2352409X17300226,2017-12-15,13,2017
Weisler-1994-JFA,article,,Weisler-1994-JFA,"Weisler, Marshall I.",,,,10.1179/jfa.1994.21.1.83,,,,,0093-4690,Journal of Field Archaeology,,,January,,1,83--102,,,,,,The {Settlement} of {Marginal} {Polynesia},The {Settlement} of {Marginal} {Polynesia}: {New} {Evidence} from {Henderson} {Island},,https://doi.org/10.1179/jfa.1994.21.1.83,2017-11-24,21,1994
Sinoto-1983-JSO,article,,Sinoto-1983-JSO,"Sinoto, Yosihiko H.",,,,10.3406/jso.1983.2773,,,,,0300-953X,Journal de la Société des océanistes,,fr,,,76,57--67,,,,,,,An analysis of {Polynesian} migrations based on the archaeological assessments,,http://www.persee.fr/web/revues/home/prescript/article/jso_0300-953x_1983_num_39_76_2773,2017-11-24,39,1983
Green-1967-Moorea,book,,Green-1967-Moorea,"Green, Roger C. and Green, Kaye and Rappaport, Roy A. and Rappaport, Ann and Davidson, Janet M.",,,,,,,,,,,,English,,,,,,,New York,,"Anthropological {Papers} of the {American} {Museum} of {Natural} {History}, vol. 51",,"Archeology on the island of {Mo}'orea, {French} {Polynesia}",,,2018-01-06,,1967
Anderson-2000-NZJA,article,,Anderson-2000-NZJA,"Anderson, A. and Conte, E. and Clark, G. and Sinoto, Y. and Petchey, F.",,,,,,,,,ISSN 0110-540X,New Zealand journal of archaeology,,English,,,,47--66,,,,,,"Renewed excavations at {Motu} {Paeao}, {Maupiti} {Island}, {French} {Polynesia}","Renewed excavations at {Motu} {Paeao}, {Maupiti} {Island}, {French} {Polynesia}: preliminary results",,http://inis.iaea.org/Search/search.aspx?orig_q=RN:32067227,2018-01-06,21,1999
Weisler-2016-PNAS,article,,Weisler-2016-PNAS,"Weisler, Marshall I. and Bolhar, Robert and Ma, Jinlong and Pierre, Emma St and Sheppard, Peter and Walter, Richard K. and Feng, Yuexing and Zhao, Jian-xin and Kirch, Patrick V.",,,,10.1073/pnas.1608130113,,,,,"0027-8424, 1091-6490",Proceedings of the National Academy of Sciences,"geochemical sourcing, Polynesian archaeology, adzes, exchange, voyaging",en,July,,29,8150--8155,,27382159,,,,,Cook {Island} artifact geochemistry demonstrates spatial and temporal extent of pre-{European} interarchipelago voyaging in {East} {Polynesia},,http://www.pnas.org/content/113/29/8150,2018-01-05,113,2016
Collerson-2007-Science,article,,Collerson-2007-Science,"Collerson, Kenneth D. and Weisler, Marshall I.",,,,10.1126/science.1147013,,,,,1095-9203,Science,"Archaeology, Humans, Polynesia, Anthropology, Commerce, Hawaii, History, Ancient, Minerals, Ships, Silicates, Trace Elements, Travel",eng,September,,5846,1907--1911,,17901331,,,,,Stone adze compositions and the extent of ancient {Polynesian} voyaging and trade,,,,317,2007
Weisler-1995-PNAS,article,,Weisler-1995-PNAS,"Weisler, M. I. and Woodhead, J. D.",,,,,,,,,0027-8424,Proceedings of the National Academy of Sciences of the United States of America,"Humans, Polynesia, Geography, Pacific Islands, Isotopes, Lead, Paleontology",eng,March,,6,1881--1885,PMC42386,7892194,,,,,Basalt {Pb} isotope analysis and the prehistoric settlement of {Polynesia},,,,92,1995
Best-1992-JPS,article,,Best-1992-JPS,"Best, Simon and Sheppard, Peter and Green, Roger and Parker, Robin",,,,,,,,,0032-4000,Journal of the Polynesian Society,,,,,1,45--85,,,,,,,Necromancing the {Stone} : {Archaeologists} and {Adzes} in {Samoa},,http://www.jstor.org/stable/20706428,2018-01-05,101,1992
Kirch-1993-Toaga,book,,Kirch-1993-Toaga,"Kirch, Patrick Vinton and Hunt, Terry L.",,,,,,,,978-1-882744-01-5,,,History / General,en,January,Google-Books-ID: RS91AAAAMAAJ,,,,,"Archaeological Research Facility, University of California, Berkeley",,,The {To}'{Aga} {Site},"The {To}'aga {Site}: {Three} {Millennia} of {Polynesian} {Occupation} in the {Manu}'a {Islands}, {American} {Samoa}",,,,,1993
Weisler-1998-CurrAnth,article,,Weisler-1998-CurrAnth,"Weisler, Marshall I.",,,,10.1086/204768,,,,,0011-3204,Current Anthropology,,,August,,4,521--532,,,,,,,Hard {Evidence} for {Prehistoric} {Interaction} in {Polynesia},,http://www.journals.uchicago.edu/doi/abs/10.1086/204768,2018-01-01,39,1998
Conte-2014-AO,article,,Conte-2014-AO,"Conte, Eric and Molle, Guillaume",,,,10.1002/arco.5037,,,,,1834-4453,Archaeology in Oceania,"chronologie, chronology, Polynésie orientale, stratigraphie, stratigraphy, Marquesas, dune excavations, Eastern Polynesia, Fouilles de complexes dunaires, Marquises",en,October,,3,121--136,,,,,,Reinvestigating a key site for {Polynesian} prehistory,"Reinvestigating a key site for {Polynesian} prehistory: new results from the {Hane} dune site, {Ua} {Huka} ({Marquesas})",,http://onlinelibrary.wiley.com/doi/10.1002/arco.5037/abstract,2017-12-28,49,2014
Kirch-1997-Kahikinui,book,Berkeley,Kirch-1997-Kahikinui,,,,,,,"Kirch, Patrick V.",,,,,,,,,,,,,University of California,,,Na mea kahiko no {Kahikinui},"Na mea kahiko no {Kahikinui}: {Studies} in the archaeology of {Kahikinui}, {Maui}",,,2018-03-16,,1997
Cleghorn-1985-JPS,article,,Cleghorn-1985-JPS,"Cleghorn, Paul L. and Weisler, Marshall and Dye, Tom and Sinton, John",,,,,,,,,0032-4000,Journal of the Polynesian Society,,,,,3,235--251,,,,,,,A preliminary petrographic study of {Hawaiian} stone adze quarries,,http://www.jstor.org/stable/20705935,2018-02-21,94,1985
McCoy-1993-Puumoiwi,techreport,,McCoy-1993-Puumoiwi,"Mc Coy, Patrick and Makanani, Attwood and Sinoto, Aki",,,,,,,Kaho'olawe Island Conveyance Commission,,,,,,,,,204,,,,,,,"Archaeological investigations of the {Pu}'u {Moiwi} adze quarry complex, {Kaho}'olawe",Consultant {Report} no. 14,,,,1993
Field-2008-Radiocarbon,article,,Field-2008-Radiocarbon,"Field, Michael Graves Julie S. and Graves, Michael W.",,,Copyright (c),,,,,,0033-8222,Radiocarbon,,en-US,August,,2,205--222,,,,,,"A {New} {Chronology} for {Pololu} {Valley}, {Hawai}'i {Island}","A {New} {Chronology} for {Pololu} {Valley}, {Hawai}'i {Island}: {Occupational} {History} and {Agricultural} {Development}",,https://journals.uair.arizona.edu/index.php/radiocarbon/article/view/3722,2018-02-21,50,2008
Tuggle-1980-JFA,article,,Tuggle-1980-JFA,"Tuggle, H. David and Tomonari-Tuggle, M. J.",,,,10.2307/529593,,,,,0093-4690,Journal of Field Archaeology,,,,,3,297--312,,,,,,,"Prehistoric {Agriculture} in {Kohala}, {Hawaii}",,http://www.jstor.org/stable/529593,2018-02-21,7,1980
Best-1988-BIPPA,article,,Best-1988-BIPPA,"Best, Simon",,,Copyright (c),10.7152/bippa.v8i0.11272,,,,,1835-1794,Bulletin of the Indo-Pacific Prehistory Association,,en-US,January,,0,104--118,,,,,,Tokelau archaeology,Tokelau archaeology: a preliminary report of an initial survey and excavations,,http://journals.lib.washington.edu/index.php/BIPPA/article/view/11272,2018-02-19,8,1988
Green-1972-Solomon,article,,Green-1972-Solomon,"Green, Roger C.",,,,,,,,,0066-8435,Asian Perspectives,,,,,2,197--199,,,,,,,Southeast {Solomons} fieldwork,,http://www.jstor.org/stable/42927790,2018-02-19,15,1972
Leach-2008-Taumako,book,Dunedin,Leach-2008-Taumako,"Leach, Foss and Davidson, Janet M.",,,,,,,,,,,,,,,,,,,New Zealand Journal of Archaeology Special Publication,,,,The {Archaeology} of {Taumako}: a {Polynesian} {Outlier} in the {Eastern} {Solomon} {Islands},,,,,2008
Poulsen-1967-Tonga,phdthesis,,Poulsen-1967-Tonga,"Poulsen, Jens",,,,,,,,,,,,,,,,,,,,Australian National University,,,A {Contribution} to the {Prehistory} of the {Tongan} {Islands},{PhD} {Thesis},,,,1967
Best-1993-JPS,article,,Best-1993-JPS,"Best, Simon",,,,,,,,,0032-4000,Journal of the Polynesian Society,,,,,4,385--447,,,,,,,At the halls of the mountain kings. {Fijian} and {Samoan} fortifications: {Comparison} and analysis,,http://www.jstor.org/stable/20706537,2018-02-15,102,1993
Best-1984-Lakeba,phdthesis,,Best-1984-Lakeba,"Best, Simon Barrington",,,,,,,,,,,,,,,,,,,,University of Auckland,,,Lakeba: {The} prehistory of a {Fijian} island,{PhD} {Thesis},,2018-02-15,,1984
Hunt-1988-JPS,article,,Hunt-1988-JPS,"Hunt, T. L. and Kirch, P. V.",,,,,,,,,0032-4000,Journal of the Polynesian Society,,,,,2,153--183,,,,,,,"An archaeological survey of the {Manu}’a islands, {American} {Samoa}",,http://www.jstor.org/stable/20706178,2018-02-15,97,1988
Best-1989-Lakeba,book,Ann Arbor,Best-1989-Lakeba,"Best, Simon Barrington",,,,,,,,,,,,,,,,,,,University of Michigan Press,,,Lakeba,Lakeba: {The} prehistory of a {Fijian} island,,http://agris.fao.org/agris-search/search.do?recordID=AV20120116916,2018-02-15,,1989
Clark-1988-Tutuila,techreport,Fargo,Clark-1988-Tutuila,"Clark, Jeffrey T.",,,,,,,North Dakota State University,,,,,,,,,,,,,,,,"The {Eastern} {Tutuila} {Archaeological} {Project}, 1988. {Final} {Report}.",,,,,1988
Rieth-2008-JICA,article,,Rieth-2008-JICA,"Rieth, Timothy M. and Morrison, Alex E. and Addison, David J.",,,,10.1080/15564890802128975,,,,,1556-4894,The Journal of Island and Coastal Archaeology,"Lapita, chronometric hygiene, GIS, island colonization, Sāmoa",,October,,2,214--239,,,,,,,The {Temporal} and {Spatial} {Patterning} of the {Initial} {Settlement} of {Sāmoa},,https://doi.org/10.1080/15564890802128975,2018-02-15,3,2008
Clark-2009-Fiji,book,,Clark-2009-Fiji,"Clark, Geoffrey and Anderson, Atholl",,,,,,,,978-1-921666-06-3,,,,,,,,,,,ANU Press,,,,The {Early} {Prehistory} of {Fiji},,http://www.jstor.org/stable/j.ctt24h7hq,2018-02-15,Terra Australis 31,2009
Natland-1985-Samoa,incollection,Houston,Natland-1985-Samoa,"Natland, J.H. and Turner, D.L.",Geological {Investigations} of the {Northern} {Melanesian} {Borderland},"Brocher, T.M.",,,,,,,,,,,,,,139--171,,,Circum- Pacific Council for Energy and Resources,,,,"Age progression and petrological development of {Samoan} shield volcanoes: evidence from {K}-{Ar} ages, lava compositions and mineral studies",,,,,1985
Green-1974-Samoa,book,Auckland,Green-1974-Samoa,"Green, Roger C. and Davidson, Janet M.",,,,,,,,,,,,,,,,,,,Auckland Institute and Museum,,Bulletin 7,,"Archaeology in {Western} {Samoa}, 2 {Vol}.",,,,,1974
Clark-1993-JPS,article,,Clark-1993-JPS,"Clark, Jeffrey T. and Herdrich, David J.",,,,,,,,,0032-4000,Journal of the Polynesian Society,,,,,2,147--185,,,,,,,"Prehistoric {Settlement} {System} in {Eastern} {Tutuila}, {American} {Samoa}",,http://www.jstor.org/stable/20706503,2018-02-11,102,1993
Clark-1993-Radiocarbon,article,,Clark-1993-Radiocarbon,"Clark, Jeffrey T.",,,,10.1017/S0033822200014089,,,,,"0033-8222, 1945-5755",Radiocarbon,,en,,,2,323--330,,,,,,,Radiocarbon {Dates} from {American} {Samoa},,https://www.cambridge.org/core/journals/radiocarbon/article/div-classtitleradiocarbon-dates-from-american-samoadiv/7A8D4EBC4B2E46172B9D37EDFCF77F24,2018-02-11,35,1993
Leach-1990-NZJA,article,,Leach-1990-NZJA,"Leach, Helen and Witter, Dan",,,,,,,,,,New Zealand Journal of Archaeology,,,,,,51--83,,,,,,,"Further investigations at the {Tatagamatau} {Site}, {American} {Samoa}",,,,12,1990
Weisler-1996-PNAS,article,,Weisler-1996-PNAS,"Weisler, M. I. and Kirch, P. V.",,,,,,,,,0027-8424,Proceedings of the National Academy of Sciences of the United States of America,"Archaeology, Humans, Polynesia, Commerce, History, Ancient, Minerals, Ships, Silicates, Travel, Animals, Hominidae, Samoa, Spectrometry, X-Ray Emission, Technology, Technology Transfer",eng,February,,4,1381--1385,PMC39946,8643640,,,,,Interisland and interarchipelago transfer of stone tools in prehistoric {Polynesia},,,,93,1996
Rolett-2015-JAS,article,,Rolett-2015-JAS,"Rolett, Barry V. and West, Eric W. and Sinton, John M. and Iovita, Radu",,,,10.1016/j.jas.2014.10.018,,,,,0305-4403,Journal of Archaeological Science,"East Polynesia, Adze quarries, Exchange networks, X-ray fluorescence",,January,,,459--471,,,,,,Ancient {East} {Polynesian} voyaging spheres,"Ancient {East} {Polynesian} voyaging spheres: new evidence from the {Vitaria} {Adze} {Quarry} ({Rurutu}, {Austral} {Islands})",,http://www.sciencedirect.com/science/article/pii/S0305440314003884,2018-02-02,53,2015
Kahn-2013-JAS,article,,Kahn-2013-JAS,"Kahn, Jennifer G. and Sinton, John and Mills, Peter R. and Lundblad, Steven P.",,,,10.1016/j.jas.2012.10.003,,,,,0305-4403,Journal of Archaeological Science,"Exchange, Adzes, Eastern Polynesia, X-ray fluorescence, Chiefdoms, Prestige goods, Society Islands, Stone tool production",,February,,2,1194--1202,,,,,,,X-ray fluorescence analysis and intra-island exchange in the {Society} {Island} archipelago ({Central} {Eastern} {Polynesia}),,http://www.sciencedirect.com/science/article/pii/S0305440312004530,2018-02-02,40,2013
Kirch-2012-PNAS,article,,Kirch-2012-PNAS,"Kirch, Patrick V. and Mills, Peter R. and Lundblad, Steven P. and Sinton, John and Kahn, Jennifer G.",,,,10.1073/pnas.1119009109,,,,,"0027-8424, 1091-6490",Proceedings of the National Academy of Sciences,"geochemical sourcing, Polynesian archaeology, adze quarrying",en,January,,4,1056--1061,,22203984,,,,,Interpolity exchange of basalt tools facilitated via elite control in {Hawaiian} archaic states,,http://www.pnas.org/content/109/4/1056,2018-02-02,109,2012
Walter-1990-PhD,phdthesis,,Walter-1990-PhD,"Walter, Richard",,,,,,,,,,,,,,,,,,,,University of Auckland,,,The {Southern} {Cook} {Islands} in {Eastern} {Polynesian} prehistory,{PhD} {Thesis},,,,1990
Winterhoff-2007-AO,article,,Winterhoff-2007-AO,"Winterhoff, E. Quent and Wozniak, Joan A. and Ayres, William S. and Lash, Erik",,,,,,,,,0003-8121,Archaeology in Oceania,,,,,2,65--71,,,,,,,"Intra-{Island} {Source} {Variability} on {Tutuila}, {American} {Samoa} and {Prehistoric} {Basalt} {Adze} {Exchange} in {Western} {Polynesia}-{Island} {Melanesia}",,http://www.jstor.org/stable/40387382,2018-01-30,42,2007
Fankhauser-2009-Fiji,incollection,,Fankhauser-2009-Fiji,"Fankhauser, Barry and Clark, Geoffrey and Anderson, Atholl",The {Early} {Prehistory} of {Fiji},,,,,"Clark, Geoffrey and Anderson, Atholl",,978-1-921666-06-3,,,,,,,,373--406,,,ANU Press,,,,Characterisation and sourcing of archaeological adzes and flakes from {Fiji},,http://www.jstor.org/stable/j.ctt24h7hq.17,2018-01-30,Terra Australis 31,2009
Walter-1996-AO,article,,Walter-1996-AO,"Walter, Richard and Sheppard, Peter J.",,,,10.1002/j.1834-4453.1996.tb00344.x,,,,,1834-4453,Archaeology in Oceania,,en,April,,1,33--39,,,,,,The {Ngati} {Tiare} {Adze} {Cache},The {Ngati} {Tiare} {Adze} {Cache}: further evidence of prehistoric contact between {West} {Polynesia} and the {Southern} {Cook} {Islands},,http://onlinelibrary.wiley.com/doi/10.1002/j.1834-4453.1996.tb00344.x/abstract,2018-01-30,31,1996
Turner-1994-NZJA,article,,Turner-1994-NZJA,"Turner, Marianne and Bonica, Dante",,,,,,,,,,New Zealand Journal of Archaeology,,,,,,5--32,,,,,,,"Following the {Flake} {Trail}: {Adze} production on the {Coromandel} {East} {Coast}, {New} {Zealand}",,,,16,1994
Johnson-2011-Tutuila,incollection,"New York, NY",Johnson-2011-Tutuila,"Johnson, Phillip R.",X-{Ray} {Fluorescence} {Spectrometry} ({XRF}) in {Geoarchaeology},,,10.1007/978-1-4419-6886-9_7,,"Shackley, M. Steven",,978-1-4419-6886-9,,,,,,,,143--160,,,Springer New York,,,,Elemental {Analysis} of {Fine}-{Grained} {Basalt} {Sources} from the {Samoan} {Island} of {Tutuila}: {Applications} of {Energy} {Dispersive} {X}-{Ray} {Fluorescence} ({EDXRF}) and {Instrumental} {Neutron} {Activation} {Analysis} ({INAA}) {Toward} an {Intra}-{Island} {Provenance} {Study},,https://doi.org/10.1007/978-1-4419-6886-9_7,,,2011
Leach-1987-NZJA,article,,Leach-1987-NZJA,"Leach, Helen and Witter, Dan",,,,,,,,,,New Zealand Journal of Archaeology,,en-NZ,,,,33--54,,,,,,,Tataga-{Matau} “rediscovered”,,https://nzarchaeology.org/download/tataga-matau-rediscovered,2018-01-25,9,1987
Mintmier-2012-JAS,article,,Mintmier-2012-JAS,"Mintmier, Melanie A. and Mills, Peter R. and Lundblad, Steven P.",,,,10.1016/j.jas.2011.10.019,,,,,0305-4403,Journal of Archaeological Science,"Basalt, Hawai‘i, Adze, Energy Dispersive X-Ray Fluorescence, Non-destructive, Pacific, Quarry",,March,,3,615--623,,,,,,,"Energy-{Dispersive} {X}-{Ray} {Fluorescence} analysis of {Haleakalā} basalt adze quarry materials, {Maui}, {Hawai}‘i",,http://www.sciencedirect.com/science/article/pii/S0305440311003864,2018-01-25,39,2012
Weisler-1990-NZJA,article,,Weisler-1990-NZJA,"Weisler, Marshall I.",,,,,,,,,,New Zealand Journal of Archaeology,,en-NZ,,,,29--50,,,,,,,"Technological, petrographic, and geochemical analysis of the {Kapohaku} adze quarry, {Lana}'i, {Hawai}'ian {Islands}",,https://nzarchaeology.org/download/technological-petrographic-and-geochemical-analysis-of-the-kapohaku-adze-quarry-lanai-hawaiian-islands,2018-01-25,12,1990
McCoy-1977-JPS,article,,McCoy-1977-JPS,"McCoy, Patrick C.",,,,,,,,,0032-4000,Journal of the Polynesian Society,,,,,2,223--244,,,,,,{THE} {MAUNA} {KEA} {ADZE} {QUARRY} {PROJECT},The {Mauna} {Kea} {Adze} {Quarry} {Project}: {A} {Summary} of the 1975 {Field} {Investigations},,http://www.jstor.org/stable/20705251,2018-01-25,86,1977
Weisler-1994-JPS,article,,Weisler-1994-JPS,"Weisler, Marshall I. and Kirch, Patrick V. and Endicott, Julie M.",,,,,,,,,0032-4000,Journal of the Polynesian Society,,,,,2,203--216,,,,,,{THE} {MATA}'{ARE} {BASALT} {SOURCE},The {Mata}'are basalt source: {Implications} for prehistoric interaction studies in the {Cook} {Islands},,http://www.jstor.org/stable/20706571,2018-01-25,103,1994
Weisler-2016-AO,article,,Weisler-2016-AO,"Weisler, Marshall I. and Bolhar, Robert and Charleux, Michel and Faith, J. Tyler and Feng, Yue-Xing and St. Pierre, Emma",,,,10.1002/arco.5088,,,,,"1834-4453, 0003-8121",Archaeology in Oceania,,eng,March,,2,158--167,,,,,,,Determining the geochemical variability of fine-grained basalt sources/quarries for facilitating prehistoric interaction studies in {Polynesia},,https://espace.library.uq.edu.au/view/UQ:382684,2018-01-24,51,2016
Charleux-2014-JPA,article,,Charleux-2014-JPA,"Charleux, Michel and McAlister, Andrew and Mills, Peter R. and Lundblad, Steven P.",,,Copyright (c) 2014 Journal of Pacific Archaeology,,,,,,1179-4712,Journal of Pacific Archaeology,"Polynesia, XRF, basalt tools, Eiao, non-destructive analysis",en,February,,1,75--89,,,,,,,"Non-destructive {XRF} {Analyses} of {Fine}-grained {Basalts} from {Eiao}, {Marquesas} {Islands}",,http://pacificarchaeology.org/index.php/journal/article/view/130,2018-01-24,5,2014
Kirch-2015-AO,article,,Kirch-2015-AO,"Kirch, Patrick V. and Molle, Guillaume and Nickelsen, Cordelia and Mills, Peter and Dotte‐Sarout, Emilie and Swift, Jillian and Wolfe, Allison and Horrocks, Mark",,,© 2015 Oceania Publications,10.1002/arco.5050,,,,,1834-4453,Archaeology in Oceania,"adzes, fishhooks, hameçons, colonisation polynésienne, extinction de l'avifaune, Gambier Islands, herminettes, Iles Gambier, Pacific rat, Polynesian colonisation, rat pacifique, seabird extinctions",fr,,,1,23--42,,,,,,Human ecodynamics in the {Mangareva} {Islands},"Human ecodynamics in the {Mangareva} {Islands}: a stratified sequence from {Nenega}-{Iti} {Rock} {Shelter} (site {AGA}-3, {Agakauitai} {Island})",,https://onlinelibrary.wiley.com/doi/abs/10.1002/arco.5050,2018-05-31,50,2015
Kahn-2015-Monumentality,book,Honolulu,Kahn-2015-Monumentality,"Kahn, Jennifer G. and Kirch, Patrick V.",,,,,,,,978-1-58178-126-7,,,,en,,,,,,,Bishop Museum Press,,Bishop {Museum} {Bulletin} in {Anthropology} 13,,"Monumentality and {Ritual} {Materialization} in the {Society} {Islands}: {The} {Archaeology} of a {Major} {Ceremonial} {Complex} in the '{Opunohu} {Valley}, {Mo}'orea",,,,,2014
Kahn-2008-NZJA,article,,Kahn-2008-NZJA,"Kahn, Jennifer G. and Mills, Peter R. and Lundblad, Steven P. and Holson, John and Kirch, Patrick V.",,,,,,,,,,New Zealand Journal of Archaeology,,,,,,135--165,,,,,,,"Tool {Production} at the {Nu}'u {Quarry}, {Maui}, {Hawaiian} {Islands}: {Manufacturing} {Sequences} and {Energy}-{Dispersive} {X}-{Ray} {Fluorescence} {Analyses}",,,,30,2008
Ishimura-2006-JSS,article,,Ishimura-2007-JSS,"Ishimura, Tomo and Inoue, Tomohiro",,,,,,,,,,Journal of Samoan Studies,,en-US,,,,43--56,,,,,,,"Archaeological {Excavations} at the {Si}’utu {Midden} {Site}, {Savai}’i {Island}",,http://journal.samoanstudies.ws/2015/08/06/archaeological-excavations-at-the-siutu-midden-site-savaii-island/,2018-05-17,2,2006
Ottino-1985-JSO,article,,Ottino-1985-JSO,"Ottino, Pierre",,,,10.3406/jso.1985.2799,,,,,,Journal de la Société des Océanistes,,fre,,,80,33--37,,,,,,,"Un site ancien aux îles {Marquises} : l'abri-sous-roche d'{Anapua}, à {Ua} {Pou}.",,,,41,1985
Rolett-1995-JPS,article,,Rolett-1995-JPS,"Rolett, Barry V. and Conte, Eric",,,,,,,,,0032-4000,Journal of the Polynesian Society,,,,,2,195--228,,,,,,,"Renewed investigation of the {Ha}'atuatua dune ( {Nukuhiva}, {Marquesas} {Islands}): {A} key site in {Polynesian} prehistory",,http://www.jstor.org/stable/20706615,2018-05-15,104,1995
Suggs-1961-Nukuhiva,book,,Suggs-1961-Nukuhiva,"Suggs, Robert C.",,,,,,,,,,,,,,,49,,,,,,Anthropological {Papers} of the {American} {Museum} of {Natural} {History},,"The {Archaeology} of {Nuku} {Hiva}, {Marquesas} {Islands}, {French} {Polynesia}",,,,,1961
Weisler-1993-Phd,phdthesis,Berkeley,Weisler-1993-Phd,"Weisler, M. I.",,,,,,,,,,,,,,,,,,,,University of California,,,Long-distance interaction in prehistoric {Polynesia}: three case studies,{PhD} {Thesis},,,,1993
Weisler-2011-WA,article,,Weisler-2011-WA,"Weisler, Marshall",,,,10.1080/00438243.2011.586197,,,,,0043-8243,World Archaeology,"Hawaiian Islands, Adze, Moloka‘i, quarries, radiocarbon chronology, U-series dates",,June,,2,298--317,,,,,,,A quarried landscape in the {Hawaiian} {Islands},,https://doi.org/10.1080/00438243.2011.586197,2018-05-14,43,2011
Sinton-1997-Database,incollection,,Sinton-1997-Database,"Sinton, John and Sinoto, Yosihiko H.",Prehistoric {Long}-{Distance} {Interaction} in {Oceania}: {An} {Interdisciplinary} {Approach},,,,,"Weisler, Marshall I.",,,,,"Social Science / Anthropology / General, Oceania, Commerce, Prehistoric",en,,,,194--204,,,New Zealand Archaeological Association,,,,A geochemical database for {Polynesian} adze studies,,,,,1997
Sheppard-1997-Cook,incollection,,Sheppard-1997-Cook,"Sheppard, Peter J. and Walter, Richard K. and Parker, Robin J.",Prehistoric {Long}-{Distance} {Interaction} in {Oceania}: {An} {Interdisciplinary} {Approach},,,,,"Weisler, Marshall I.",,,,,"Social Science / Anthropology / General, Oceania, Commerce, Prehistoric",en,,,,85--110,,,New Zealand Archaeological Association,,,,Basalt sourcing and the development of {Cook} {Islands} exchange systems,,,,,1997
Rolett-1997-Voyaging,incollection,,Rolett-1997-Voyaging,"Rolett, Barry V. and Conte, Eric and Pearthree, Erik and Sinton, John",Prehistoric {Long}-{Distance} {Interaction} in {Oceania}: {An} {Interdisciplinary} {Approach},,,,,"Weisler, Marshall I.",,,,,"Social Science / Anthropology / General, Oceania, Commerce, Prehistoric",en,,,,134--148,,,New Zealand Archaeological Association,,,,Marquesan voyaging: archaeometric evidence for inter-island contact,,,,,1997
Ayres-2001-Samoa,incollection,,Ayres-2001-Samoa,"Ayres, William S. and Wozniak, Joan A. and Robbins, Gwen and Suafo'a, Epi",Pacific 2000: {Proceedings} of the {Fifth} {International} {Conference} on {Easter} {Island} and the {Pacific},,,,,"Stevenson, Christopher M. and Lee, Georgia and Morin, F.J.",,,,,,,,,,227--235,,,,,,,"Archaeology in {American} {Samoa}: {Maloata}, {Malaeimi} and {Malaeloa}",,,,,2001
Winterhoff-2007-PHD,phdthesis,,Winterhoff-2007-PHD,"Winterhoff, E. Quent",,,,,,,,,,,,,,,,,,,,University of Oregon,,,The {Political} {Economy} of {Ancient} {Samoan} {Basalt} {Adze} {Production} and {Linkages} to {Social} {Status},{PhD} {Thesis},,,,2007
Kirch-2017-Tangatatau,book,,Kirch-2017-Tangatatau,"Kirch, Patrick Vinton",,,,,,,,,,,,en,,Google-Books-ID: IffdAQAACAAJ,40,,,,Cotsen Institute of Archaeology Press,,Monumenta {Archaeologica},"Tangatatau {Rockshelter} ({Mangaia}, {Southern} {Cook} {Islands})","Tangatatau {Rockshelter} ({Mangaia}, {Southern} {Cook} {Islands}): {The} {Evolution} of an {Eastern} {Polynesian} {Socio}-ecosystem",,,,,2017
Simpson-2018-JASR,article,,Simpson-2018-JASR,"Simpson, Dale F. and Dussubieux, Laure",,,,10.1016/j.jasrep.2018.01.038,,,,,2352409X,Journal of Archaeological Science: Reports,,en,April,,,370--385,,,,,,A collapsed narrative?,A collapsed narrative? {Geochemistry} and spatial distribution of basalt quarries and fine–grained artifacts reveal communal use of stone on {Rapa} {Nui} ({Easter} {Island}),,http://linkinghub.elsevier.com/retrieve/pii/S2352409X1730531X,2018-04-19,18,2018
Simpson-2018-AO,article,,Simpson-2018-AO,"Simpson, Dale F. and Weisler, Marshall I. and St Pierre, Emma J. and Feng, Yuexing and Bolhar, Robert",,,,10.1002/arco.5132,,,,,07284896,Archaeology in Oceania,,en,April,,1,15--27,,,,,,The archaeological documentation and geochemistry of the {Rua} {Tokitoki} adze quarry and the {Poike} fine-grain basalt source on {Rapa} {Nui} ({Easter} {Island}),The archaeological documentation and geochemistry of the {Rua} {Tokitoki} adze quarry and the {Poike} fine-grain basalt source on {Rapa} {Nui} ({Easter} {Island}): {Rua} {Tokitoki} quarry and {Poike} basalt source on {Rapa} {Nui},,http://doi.wiley.com/10.1002/arco.5132,2018-04-19,53,2018
Walter-1998-Anaio,book,Auckland,Walter-1998-Anaio,"Walter, Richard",,,,,New Zealand Archaeological Association Monograph 22,,,978-0-9597915-5-6,,,,en,,Google-Books-ID: N\_hyAAAAMAAJ,22,,,,New Zealand Archaeological Association,,,Anai'o,Anai'o: {The} {Archaeology} of a {Fourteenth} {Century} {Polynesian} {Community} in the {Cook} {Islands},,,,,1998
Green-1960-Gambier,techreport,Dunedin,Green-1960-Gambier,"Green, Roger C.",,,,,,,University of Otago,,,,,,,,,,,,,,,,"Preliminary report for the {American} {Museum} of {Natural} {History} on archaeological research in the {Gambier} {Isles} ({Mangareva}) {July} 2, 1959 to {December} 6, 1959. {Manuscript} on file.",,,,,1960
Weisler-1993-Toaga,incollection,,Weisler-1993-Toaga,"Weisler, Marshall I.","The {To}'aga {Site}: {Three} {Millennia} of {Polynesian} {Occupation} in the {Manu}'a {Islands}, {American} {Samoa}",,,,,"Kirch, Patrick Vinton and Hunt, Terry L.",,978-1-882744-01-5,,,History / General,en,January,Google-Books-ID: RS91AAAAMAAJ,,167--186,,,"Archaeological Research Facility, University of California, Berkeley",,,,Chemical characterization and provenance of {Manu}'a adze material using a non-destructive {X}-ray fluorescence technique,,,,,1993
Kirch-1990-AO,article,,Kirch-1990-AO,"Kirch, Patrick V. and Hunt, Terry L. and Nagaoka, Lisa and Tyler, Jason",,,© 1990 The University of Sydney,10.1002/j.1834-4453.1990.tb00225.x,,,,,1834-4453,Archaeology in Oceania,,en,,,1,1--15,,,,,,,"An {Ancestral} {Polynesian} occupation site at {To}'aga, {Ofu} {Island}, {American} {Samoa}",,https://onlinelibrary.wiley.com/doi/abs/10.1002/j.1834-4453.1990.tb00225.x,2018-07-06,25,1990
Emory-1975-Tuamotu,book,,Emory-1975-Tuamotu,"Emory, Kenneth P.",,,,,,,,,,,,,,,22,,,,,,Pacific {Anthropological} {Records},,Material {Culture} of the {Tuamotu} {Archipelago},,,,,1975
Clark-2001-Domodomo,article,,Clark-2001-Domodomo,"Clark, Geoffrey",,,,,,,,,,Domodomo: Fiji Museum Quarterly,,,,,2,29--47,,,,,,,"Archaeological and palaeoenvironmental investigations on {Yacata} {Island}, northern {Lau}, {Fiji}",,,,13,2001
Winterhoff-2003-MA,mastersthesis,,Winterhoff-2003-MA,"Winterhoff, E. Quent",,,,,,,,,,,,,,,,,,,,University of Oregon,,,"Ma'a a {Malaeloa}: {A} {Geochemical} {Investigation} of a {New} {Basalt} {Quarry} {Source} in {Tutuila}, {American} {Samoa}",,,,,2003
Poulsen-1987-Tonga,book,"ANU, Canberra, Australia",Poulsen-1987-Tonga,"Poulsen, Jens",,,,,,,,,,,,,,,,,,,"Department of Prehistory, Research School of Pacific Studies",,,,Early {Tongan} prehistory : the {Lapita} period on {Tongatapu} and its relationships,,,,,1987
Felgate-2001-ANZ,article,,Felgate-2001-ANZ,"Felgate, Matthew W. and Sheppard, Peter J. and Wilmshurst, Janet M.",,,,,,,,,,Archaeology in New Zealand,,,,,3,215--240,,,,,,,Geochemical characteristics of the {Tahanga} archaeological quarry complex,,,,44,2001
Kneebone-2018-MA,mastersthesis,,Kneebone-2018-MA,"Kneebone, Brendan",,,,,,,,,,,,,,,,,,,,University of Auckland,,,"The {Sharpest} {Tool} in the {Shed}: {A} {Morphological}, {Typological} and {Geochemical} {Analysis} of {Stone} {Adzes} from the {Auckland} ({Tamaki}) {Region}, {New} {Zealand}",,,,,2018
Davidson-2017-RAM,article,,Davidson-2017-RAM,"Davidson, Janet and Leach, Foss",,,,,,,,,1174-9202,Records of the Auckland Museum,,,,,,9--38,,,,,,,"Archaeological excavations at {Pig} {Bay} ({N38}/21, {R10}/22), {Motutapu} {Island}, {Auckland}, {New} {Zealand}, in 1958 and 1959",,https://www.jstor.org/stable/90016660,2019-02-05,52,2017
Davidson-1970-RAIM,article,,Davidson-1970-RAIM,"Davidson, Janet M.",,,,,,,,,0067-0464,Records of the Auckland Institute and Museum,,,,,,31--60,,,,,,,"Excavation of an ""undefended"" site, {N38}/37, on {Motutapu} island, {New} {Zealand}",,https://www.jstor.org/stable/42906142,2019-02-05,7,1970
Davidson-1972-RAIM,article,,Davidson-1972-RAIM,"Davidson, Janet M.",,,,,,,,,0067-0464,Records of the Auckland Institute and Museum,,,,,,1--14,,,,,,"{ARCHAEOLOGICAL} {INVESTIGATIONS} {ON} {MOTUTAPU} {ISLAND}, {NEW} {ZEALAND}","Archaeological investigations on {Motutapu} {Island}, {New} {Zealand}: {Introduction} to recent fieldwork, and further results",,https://www.jstor.org/stable/42906174,2019-02-05,9,1972
Davidson-2011-Tuhinga,article,,Davidson-2011-Tuhinga,"Davidson, Janet",,,,,,,,,,"Tuhinga, Records of the Museum of New Zealand Te Papa Tongarewa",,,,,,19--100,,,,,,,"Archaeological investigations at {Maungarei}: {A} large {Mäori} settlement on a volcanic cone in {Auckland}, {New} {Zealand}",,,,22,2011
Campbell-2014-HNZPT,techreport,,Campbell-2014-HNZPT,"Campbell, Matthew and Hudson, Beatrice and Cruickshank, Arden",,,,,,,Report to Heritage New Zealand Pouhere Taonga and Auckland Council,,,,,,,,,,,,,,,,"Section 18 investigations of the {Long} {Bay} {Restaurant} site, {R10}/1374, {Long} {Bay} {Regional} {Park}, {Auckland} ({HPA} authority 2014/506)",,,,,2014
Campbell-2011-NZHPT,techreport,,Campbell-2011-NZHPT,"Campbell, Matthew",,,,,,,Report to New Zealand Historic Places Trust and Auckland International Airport Ltd,,,,,,,,,,,,,,,,The {NRD} site: the archaeology,,,,,2011
Leahy-1991-RAIM,article,,Leahy-1991-RAIM,"Leahy, Anne",,,,,,,,,0067-0464,Records of the Auckland Institute and Museum,,,,,,33--68,,,,,,,"Excavations at {Taylor}'s {Hill}, {R11}/96, {Auckland}",,https://www.jstor.org/stable/42906413,2019-02-05,28,1991
Leahy-1970-RAIM,article,,Leahy-1970-RAIM,"Leahy, Anne",,,,,,,,,0067-0464,Records of the Auckland Institute and Museum,,,,,,61--82,,,,,,,"Excavations at site {N38}/30, {Motutapu} {Island}, {New} {Zealand}",,https://www.jstor.org/stable/42906143,2019-02-05,7,1970
Sewell-1992-Westfield,techreport,,Sewell-1992-Westfield,"Sewell, B.",,,,,,,"Auckland Conservancy Historic Resource Series, 1. Department of Conservation.",,,,,,,,,,,,,,,,"Further excavations at the {Westfield} site ({R11}/898), {Tamaki}, {Auckland}",,,,,1992
Furey-1986-RAIM,article,,Furey-1986-RAIM,"Furey, Louise",,,,,,,,,0067-0464,Records of the Auckland Institute and Museum,,,,,,1--24,,,,,,,"The excavation of {Westfield} ({R11}/898), {South} {Auckland}",,https://www.jstor.org/stable/42906356,2019-02-05,23,1986
McCoy-2016-QR,article,,McCoy-2016-QR,"McCoy, Mark D. and Alderson, Helen A. and Hemi, Richard and Cheng, Hai and Edwards, R. Lawrence",,,,10.1016/j.yqres.2016.08.002,,,,,"0033-5894, 1096-0287",Quaternary Research,"Geochemistry, Oceania, /sup, 230, Ancient monumental architecture, Geoarchaeology, Portable X-ray fluorescence (pXRF), sup, Th/U), Uranium series dating (",en,November,,3,295--303,,,,,,,"Earliest direct evidence of monument building at the archaeological site of {Nan} {Madol} ({Pohnpei}, {Micronesia}) identified using {230Th}/{U} coral dating and geochemical sourcing of megalithic architectural stone",,https://www.cambridge.org/core/journals/quaternary-research/article/earliest-direct-evidence-of-monument-building-at-the-archaeological-site-of-nan-madol-pohnpei-micronesia-identified-using-230thu-coral-dating-and-geochemical-sourcing-of-megalithic-architectural-stone/0338E86D312973BA0B32D56A5D297FAF,2019-03-15,86,2016
Ayres-1997-Pohnpei,incollection,,Ayres-1997-Pohnpei,"Ayres, William S. and Goles, Gordon G. and Beardsley, Felicia R.",Prehistoric {Long}-{Distance} {Interaction} in {Oceania}: {An} {Interdisciplinary} {Approach},,,,,"Weisler, Marshall I.",,,,,"Social Science / Anthropology / General, Oceania, Commerce, Prehistoric",en,,,,53--67,,,New Zealand Archaeological Association,,,,Provenance study of lithic materials in {Micronesia},,,,,1997
McCoy-2011-JPA,article,,McCoy-2011-JPA,"McCoy, Mark D. and Athens, J. Stephen",,,,,,,,,,Journal of Pacific Archaeology,,,December,,1,,,,,,,,"Sourcing the {Megalithic} {Stones} of {Nan} {Madol}: an {XRF} {Study} of {Architectural} {Basalt} {Stone} from {Pohnpei}, {Federated} {States} of {Micronesia}",,https://pacificarchaeology.org/index.php/journal/article/view/68,2019-03-18,3,2011
Ayres-1987-AO,article,,Ayres-1987-AO,"Ayres, William S. and Mauricio, Rufino",,,,,,,,,,Archaeology in Oceania,,,,,1,27--31,,,,,,,"Stone {Adzes} from {Pohnpeian}, {Micronesia}",,,,22,1987
McCoy-2015-RNJ,article,,McCoy-2015-RNJ,"McCoy, Mark D. and Alderson, Helen A. and Thompson, A.",,,,10.6067/XCV8M32WWT,,,,,,Rapa Nui Journal,,,,,1,5--22,,,,,,,"A new archaeological field survey of the site of {Nan} {Madol}, {Pohnpei}",,,,29,2015
Stevenson-2013-JICA,article,,Stevenson-2013-JICA,"Stevenson, Christopher M. and Ladefoged, Thegn N. and Haoa, Sonia and Chadwick, Oliver and Puleston, Cedric",,,,10.1080/15564894.2012.745457,,,,,1556-4894,The Journal of Island and Coastal Archaeology,"obsidian, exchange, Rapa Nui, procurement, x-ray fluorescence",,January,,1,108--121,,,,,,,Prehistoric {Obsidian} {Exchange} on {Rapa} {Nui},,https://doi.org/10.1080/15564894.2012.745457,2019-03-18,8,2013
Stevenson-1984-AO,article,,Stevenson-1984-AO,"Stevenson, Christopher M. and Shaw, Leslie C. and Cristino, C.",,,,,,,,,,Archaeology in Oceania,,en,,,3,120--124,,,,,,,Obsidian {Procurement} and {Consumption} on {Easter} {Island},,https://ezproxy.shh.mpg.de:20118/stable/40386671,2019-03-18,19,1984
Hermann-2019-AO,article,,Hermann-2019-AO,"Hermann, Aymeric and Molle, Guillaume and Maury, René and Liorzou, Céline and McAlister, Andrew",,,,10.1002/arco.5187,,,,,0728-4896,Archaeology in Oceania,"Polynésie orientale, exchange, Eastern Polynesia, Analyses de provenance, Architecture cérémonielle, ceremonial architecture, Chefferie, chiefdoms, Échange, Outils en pierre, provenance analysis, stone tool",,,,3,184--199,,,,,,,"Geochemical sourcing of volcanic materials imported into {Teti}'aroa {Atoll} shows multiple long-distance interactions in the {Windward} {Society} {Islands}, {French} {Polynesia}",,https://onlinelibrary.wiley.com/doi/full/10.1002/arco.5187,2019-08-20,54,2019
McCoy-2019-JOAD,article,,McCoy-2019-JOAD,"McCoy, Mark D. and Jorgensen, Alex and Glover, Hayley and Stevenson, Christopher and Kneebone, Brendan and Cruickshank, Arden and McAlister, Andrew and McIvor, Isaac and Gemmell, Caleb and O’Neale, Dion O. and Ladefoged, Thegn N.",,,"Authors who publish with this journal agree to the following terms: Authors retain copyright and grant the journal right of first publication with the work simultaneously licensed under a Creative Commons Attribution License that allows others to share the work with an acknowledgement of the work's authorship and initial publication in this journal. Authors are able to enter into separate, additional contractual arrangements for the non-exclusive distribution of the journal's published version of the work (e.g., post it to an institutional repository or publish it in a book), with an acknowledgement of its initial publication in this journal. Authors are permitted and encouraged to post their work online (e.g., in institutional repositories or on their website) prior to and during the submission process, as it can lead to productive exchanges, as well as earlier and greater citation of published work (See The Effect of Open Access ). All third-party images reproduced on this journal are shared under Educational Fair Use. For more information on Educational Fair Use , please see this useful checklist prepared by Columbia University Libraries . All copyright of third-party content posted here for research purposes belongs to its original owners. Unless otherwise stated all references to characters and comic art presented on this journal are ©, ® or ™ of their respective owners. No challenge to any owner’s rights is intended or should be inferred.",10.5334/joad.52,,,,,2049-1565,Journal of Open Archaeology Data,,en,March,,0,1,,,,,,,Geochemical {Sourcing} of {New} {Zealand} {Obsidians} by {Portable} {X}-{Ray} {Fluorescence} from 2011 to 2018,,http://openarchaeologydata.metajnl.com/article/10.5334/joad.52/,2019-08-24,7,2019
Cruickshank-2011-MA,mastersthesis,,Cruickshank-2011-MA,"Cruickshank, Arden",,,https://researchspace.auckland.ac.nz/docs/uoa-docs/rights.htm,,,,,,,,,,,,,,,,,University of Auckland,,,"A {Qualitative} and {Quantitative} {Analysis} of the {Obsidian} {Sources} on {Aotea} ({Great} {Barrier} {Island}), and their {Archaeological} {Significance}.",,https://researchspace.auckland.ac.nz/handle/2292/6987,2019-08-24,,2011
Kneebone-2016-BA,phdthesis,,Kneebone-2016-BA,"Kneebone, Brendan",,,,,,,,,,,,,,,,,,,,University of Auckland,,,Spatial {Interactions} and {Communications}: {A} {Geochemical} {Analysis} of {Obsidian} from the {Tamaki} region,{BA} {Thesis},,,,2016
Lawrence-2014-AO,article,,Lawrence-2014-AO,"Lawrence, Megan and McCoy, Mark D. and Barber, Ian and Walter, Richard",,,© 2014 Oceania Publications,10.1002/arco.5032,,,,,1834-4453,Archaeology in Oceania,"obsidian, Māori, pXRF, resource distribution, source characterisation",en,,,3,158--163,,,,,,,"Geochemical sourcing of obsidians from the {Pūrākaunui} site, {South} {Island}, {New} {Zealand}",,https://onlinelibrary.wiley.com/doi/abs/10.1002/arco.5032,2019-08-24,49,2014
McCoy-2014-PLOS,article,,McCoy-2014-PLOS,"McCoy, Mark D. and Carpenter, Jonathan",,,,10.1371/journal.pone.0084302,,,,,1932-6203,PLoS ONE,,,January,,1,,PMC3885548,24416213,,,,,Strategies for {Obtaining} {Obsidian} in {Pre}-{European} {Contact} {Era} {New} {Zealand},,https://www.ncbi.nlm.nih.gov/pmc/articles/PMC3885548/,2019-08-24,9,2014
McCoy-2014-JAS,article,,McCoy-2014-JAS,"McCoy, Mark D. and Ladefoged, Thegn N. and Codlin, Maria and Sutton, Douglas G.",,,,10.1016/j.jas.2013.11.034,,,,,0305-4403,Journal of Archaeological Science,"Warfare, New Zealand, Obsidian sourcing, Circumscription theory, Trade and exchange",,February,,,467--475,,,,,,Does {Carneiro}'s circumscription theory help us understand {Maori} history?,"Does {Carneiro}'s circumscription theory help us understand {Maori} history? {An} analysis of the obsidian assemblage from {Pouerua} {Pa}, {New} {Zealand} ({Aotearoa})",,http://www.sciencedirect.com/science/article/pii/S0305440313004305,2019-08-24,42,2014
Walter-2018-JPA,article,,Walter-2018-JPA,"Walter, Richard and Brooks, Emma and Greig, Karen and Hurford, Jessie",,,,,,,,,1179-4712,Journal of Pacific Archaeology,,en,August,,2,59--82,,,,,,,"Excavations at {Kahukura}, {Murihiku}",,https://pacificarchaeology.org/index.php/journal/article/view/246,2019-08-24,9,2018
McCoy-2016-JICA,article,,McCoy-2016-JICA,"McCoy, Mark D. and Robles, H. Nick",,,,10.1080/15564894.2015.1115788,,,,,1556-4894,The Journal of Island and Coastal Archaeology,"New Zealand, obsidian, island colonization, mobility, transient villages",,May,,2,285--293,,,,,,The {Geographic} {Range} of {Interaction} {Spheres} {During} the {Colonization} of {New} {Zealand} ({Aotearoa}),The {Geographic} {Range} of {Interaction} {Spheres} {During} the {Colonization} of {New} {Zealand} ({Aotearoa}): {New} {Evidence} for {Obsidian} {Circulation} in {Southern} {New} {Zealand},,https://doi.org/10.1080/15564894.2015.1115788,2019-08-24,11,2016
Maxwell-2018-JICA,article,,Maxwell-2018-JICA,"Maxwell, Justin J. and McCoy, Mark D. and Tromp, Monica and Hoffmann, Andrew and Barber, Ian G.",,,,10.1080/15564894.2017.1285833,,,,,1556-4894,The Journal of Island and Coastal Archaeology,"obsidian, coastal abandonment, conflict, cultivation, microfossils",,,,1,1--20,,,,,,The {Difficult} {Place} of {Deserted} {Coasts} in {Archaeology},"The {Difficult} {Place} of {Deserted} {Coasts} in {Archaeology}: {New} {Archaeological} {Research} on {Cooks} {Beach} ({Pukaki}), {Coromandel} {Peninsula}, {New} {Zealand}",,https://doi.org/10.1080/15564894.2017.1285833,2019-08-24,13,2017
Reepmeyer-2010-Archaeometry,article,,Reepmeyer-2010-Archaeometry,"Reepmeyer, C. and Clark, G.",,,"© University of Oxford, 2009",10.1111/j.1475-4754.2009.00465.x,,,,,1475-4754,Archaeometry,"GEOCHEMISTRY, FIJI, OBSIDIAN, POST-LAPITA, SOURCING",en,,,1,1--18,,,,,,Post-{Colonization} {Interaction} {Between} {Vanuatu} and {Fiji} {Reconsidered},"Post-{Colonization} {Interaction} {Between} {Vanuatu} and {Fiji} {Reconsidered}: {The} {Re}-{Analysis} of {Obsidian} from {Lakeba} {Island}, {Fiji}",,https://onlinelibrary.wiley.com/doi/abs/10.1111/j.1475-4754.2009.00465.x,2019-08-27,52,2010
Carpenter-2010-WDC,techreport,Whangarei,Carpenter-2010-WDC,"Carpenter, Jonathan",,,,,,,Geometria Ltd,,,,,,,,,,,,,,,,Archaeological {Monitoring} of {Archaeological} {Site} {Q06}/567. {Preliminary} {Report}. {Unpublished} report for the {Whangarei} {District} {Council}.,,,,,2010
Carpenter-2009-DOC,techreport,Whangarei,Carpenter-2009-DOC,"Carpenter, Jonathan",,,,,,,Geometria Ltd,,,,,,,,,,,,,,,,Smugglers and {Bream} {Head} {Track} {Upgrade}. {Preliminary} {Report} for {HPT} {Authority} 2007/97. {Unpublished} report for the {Department} of {Conservation},,,,,2009
Barber-2002-ANZ,article,,Barber-2002-ANZ,"Barber, Ian G.",,,,,,,,,,Archaeology in New Zealand,,en-NZ,,,2,153--170,,,,,,,"Archaeological assessment of an eroding site complex {No} {I44}-21 at {Purakaunui} {Inlet}, {Otago}",,https://nzarchaeology.org/download/archaeological-assessment-of-an-eroding-site-complex-no-i44-21-at-purakaunui-inlet-otago,2019-09-21,45,2002
Anderson-1981-JRSNZ,article,,Anderson-1981-JRSNZ,"Anderson, A. J.",,,,10.1080/03036758.1981.10421837,,,,,0303-6758,Journal of the Royal Society of New Zealand,,,September,,3,201--221,,,,,,,"A fourteenth-century fishing camp at {Purakanui} {Inlet}, {Otago}",,https://doi.org/10.1080/03036758.1981.10421837,2019-09-21,11,1981
Gay-2004-BA,phdthesis,Dunedin,Gay-2004-BA,"Gay, J. W.",,,,,,,,,,,,,,,,,,,,University of Otago,,,"Selected {Artefact} {Assemblages} from {Purakaunui} (144/21) {Excavated} during 2001, 2002 and 2003",{BA} {Thesis},,,,2004
Sutton-2003-Pouerua,book,,Sutton-2003-Pouerua,"Sutton, Douglas and Furey, Louise and Marshall, Yvonne",,"Sutton, Douglas and Furey, Louise and Marshall, Yvonne",,,,,,978-1-86940-292-1,,,,,,,,,,,Auckland University Press,,,,The {Archaeology} of {Pouerua},,https://eprints.soton.ac.uk/12034/,2019-09-21,,2003
Brassey-1985-MA,mastersthesis,Auckland,Brassey-1985-MA,"Brassey, Robert",,,,,,,,,,,,,,,,,,,,University of Auckland,,,"An analysis of some lithic artefact assemblages from {Pouerua}, {Northland}",,,,,1985
Garland-2019-ANZ,article,,Garland-2019-ANZ,"Garland, Jessie and Wadsworth, Tristan",,,,,,,,,,Archaeology in New Zealand,,en-NZ,,,,27--38,,,,,,,"An {Archaeological} {Survey} of {Catlins} {Lake} and {Estuary}, {Southland}",,https://nzarchaeology.org/download/an-archaeological-survey-of-catlins-lake-and-estuary-southland,2019-09-23,,2019
Davidson-1984-Prehistory,book,"Auckland, New Zealand",Davidson-1984-Prehistory,"Davidson, Janet",,,,,,,,,,,,,,,,,,,Longman Paul,,,,The {Prehistory} of {New} {Zealand},,,,,1984
Smith-1993-NZHPT,techreport,,Smith-1993-NZHPT,"Smith, Ian",,,,,,,N.Z. Historic Places Trust,,,,,,,,,,,,,,,,Preliminary {Report} on {Excavations} at {Pleasant} {River} {Mouth} ({J43}/1),,,,,1993
Anderson-1996-Shag,book,"Canberra, Australia",Anderson-1996-Shag,"Anderson, Atholl and Smith, Ian W. G. and Allingham, Brian",,,,,,,,,,,"Dunedin, Otago Peninsula",English,,,27,,,,Australian National University,,Research {Papers} in {Archaeology} and {Natural} {History},Shag {River} mouth,Shag {River} mouth : the archaeology of an early southern {Maori} village,,https://trove.nla.gov.au/version/26518419,2019-09-23,,1996
Skinner-1960-Papanui,article,,Skinner-1960-Papanui,"Skinner, Henry D.",,,,,,,,,0032-4000,Journal of the Polynesian Society,,,,,3,187--198,,,,,,,"Excavations at {Little} {Papanui}, {Otago} {Peninsula}",,https://www.jstor.org/stable/20703829,2019-09-23,69,1960
Leach-1981-NZJA,article,,Leach-1981-NZJA,"Leach, Helen and Hamel, Jill",,,,,,,,,,New Zealand Journal of Archaeology,,,,,,109--141,,,,,,,"Archaic and {Classic} {Maori} {Relationships} at {Long} {Beach}, {Otago}: the {Artefacts} and {Activity} {Areas}",,,,3,1981
Brooks-2008-SPAR,techreport,Dunedin,Brooks-2008-SPAR,"Brooks, Emma and Walter, Richard and Jacomb, Chris",,,,,,,Southern Pacific Archaeological Research,,,,,,,,,,,,,,,,Southland {Coastal} {Heritage} {Inventory} {Project} {Waiparua} {Head} to {Rowallan} {Burn},,,,,2008
Hamel-2001-Otago,book,"Wellington, N.Z",Hamel-2001-Otago,"Hamel, Jill",,New Zealand,,,,,,978-0-478-22016-2,,,"New Zealand, Antiquities, Excavations (Archaeology), Historic sites, Maori (New Zealand people), New Zealand Otago, Otago (N.Z.)",en,,,,,,,Department of Conservation,,{DOC} {Science} {Publishing},,The archaeology of {Otago},,,,,2001
Teviotdale-1932-JPS,article,,Teviotdale-1932-JPS,"Teviotdale, David",,,,,,,,,0032-4000,Journal of the Polynesian Society,,,,,2(162),81--120,,,,,,,The material culture of the {Moa}-{Hunters} in {Murihiku},,https://www.jstor.org/stable/20702411,2019-09-26,41,1932
Campbell-2018-HNZPT,techreport,,Campbell-2018-HNZPT,"Campbell, Matthew and Plowman, Mica and Brooks, Emma and Cruickshank, Arden and Furey, Louise and Horrocks, Mark and Turner, Marianne and Wallace, Rod and Walter, Richard",,,,,,,Report to Heritage New Zealand Pouhere Taonga and The New Zealand Defence Force,,,,,,,,,,,,,,,,"The {Torpedo} {Bay} excavations: {Volume} 1, the pre-{European} {Maori} site ({HPA} authority 2009/275)",,,,,2018
Davidson-1978-JPS,article,,Davidson-1978-JPS,"Davidson, Janet",,,,,,,,,0032-4000,Journal of the Polynesian Society,,,,,4,327--337,,,,,,,"The {Prehistory} of {Motutapu} {Island}, {New} {Zealand}: {Five} {Centuries} of {Polynesian} {Occupation} in a {Changing} {Landscape}",,https://www.jstor.org/stable/20705369,2019-10-23,87,1978
Hoffmann-2017-HNZPT,techreport,,Maxwell-2017-HNZPT,"Hoffmann, Andrew",,,,,,,Report to Heritage New Zealand Pouhere Taonga and Longreach Developments Ltd,,,,,,,,,,,,,,,,"Investigation of archaeological site {T11}/2789, {Cooks} {Beach} ({Pukaki}), {Mercury} {Bay}: final report. {HNZ} authorities 2015/867 \& 2015/1022.",,,,,2017
Hermann-2012-Geologue,article,,Hermann-2012-Geologue,"Hermann, Aymeric and Maury, René C. and Liorzou, Céline",,,,,,,,,,Géologue,,,,,,80--83,,,,,,,"Traçabilité des matières premières lithiques dans les assemblages archéologiques polynésiens: le cas de {Tubuai} ({Archipel} des {Australes}, {Polynésie} française)",,,,172,2012
Reepmeyer-2008-AO,article,,Reepmeyer-2008-AO,"Reepmeyer, Christian",,,2008 The University of Sydney,10.1002/j.1834-4453.2009.tb00038.x,,,,,1834-4453,Archaeology in Oceania,"Provenance studies, EDXA-SEM, Laser ablation ICP-MS, Obsidian, Western Remote Oceania",en,,,3,120--127,,,,,,,"Characterising volcanic glass sources in the {Banks} {Islands}, {Vanuatu}",,https://onlinelibrary.wiley.com/doi/abs/10.1002/j.1834-4453.2009.tb00038.x,2019-10-24,43,2008
Reepmeyer-2009-Phd,phdthesis,,Reepmeyer-2009-Phd,"Reepmeyer, Christian",,,Author retains copyright,,,,,,,,,en\_AU,,,,,,,,Australian National University,,,The obsidian sources and distribution systems emanating from {Gaua} and {Vanua} {Lava} in the {Banks} {Islands} of {Vanuatu},,https://openresearch-repository.anu.edu.au/handle/1885/149794,2019-10-24,,2009
Reepmeyer-2012-JICA,article,,Reepmeyer-2012-JICA,"Reepmeyer, Christian and Clark, Geoffrey and Sheppard, Peter",,,,10.1080/15564894.2011.611858,,,,,1556-4894,The Journal of Island and Coastal Archaeology,"obsidian, colonization, provenance studies, maritime connection of Polynesian chiefdoms",,May,,2,255--271,,,,,,Obsidian {Source} {Use} in {Tongan} {Prehistory},Obsidian {Source} {Use} in {Tongan} {Prehistory}: {New} {Results} and {Implications},,https://doi.org/10.1080/15564894.2011.611858,2019-10-24,7,2012
Reepmeyer-2010-AP,article,,Reepmeyer-2010-AP,"Reepmeyer, Christian and Spriggs, Matthew and Bedford, Stuart and Ambrose, Wallace",,,,,,,,,0066-8435,Asian Perspectives,,,,,1,205--225,,,,,,,"Provenance and {Technology} of {Lithic} {Artifacts} from the {Teouma} {Lapita} {Site}, {Vanuatu}",,https://www.jstor.org/stable/42928778,2019-10-24,49,2010
Valentin-2013-JPA,article,,Valentin-2013-JPA,"Valentin, Frederique and Clark, Geoffrey",,,,,,,,,1179-4712,Journal of Pacific Archaeology,"Pacific Islands, Lapita, mortuary practice, Ancestral Polynesian Society, cremation",en,January,,1,1--14,,,,,,,"Early {Polynesian} mortuary behaviour at the {Talasiu} site, {Kingdom} of {Tonga}",,https://pacificarchaeology.org/index.php/journal/article/view/92,2019-10-24,4,2013
Clark-2014-Antiquity,article,,Clark-2014-Antiquity,"Clark, Geoffrey and Reepmeyer, Christian",,,,10.1017/S0003598X00115431,,,,,"0003-598X, 1745-1744",Antiquity,"chiefdom, Tonga, fourteenth century AD, Heketa, house platform, kava ceremony, Lapaha, Tongatapu, trilithon, Tu’i Tonga",en,December,,342,1244--1260,,,,,,,"Stone architecture, monumentality and the rise of the early {Tongan} chiefdom",,https://www.cambridge.org/core/journals/antiquity/article/stone-architecture-monumentality-and-the-rise-of-the-early-tongan-chiefdom/70C80CE4874CB148C9873D72EED6CE25,2019-10-24,88,2014
Bedford-2009-Teouma,incollection,"Auckland, New Zealand",Bedford-2009-Teouma,"Bedford, Stuart and Spriggs, Matthew and Buckley, Hallie and Valentin, Frédérique and Regenvanu, Ralph",Lapita: {Ancestors} and {Descendants},,,,,"Sheppard, Peter J. and Thomas, Tim and Summerhayes, Glenn R.",,,,,,,,,28,215--234,,,New Zealand Archaeological Association,,New {Zealand} {Archaeological} {Association} {Monograph},,"The {Teouma} {Lapita} {Site}, {South} {Efate}, {Vanuatu}: {A} summary of three {Field} seasons (2004-2006)",,,,,2009
Weisler-2015-JPA,article,,Weisler-2015-JPA,"Weisler, Marshall I. and Mendes, Walter P. and Hua, Quan",,,,,,,,,1179-4712,Journal of Pacific Archaeology,"adze quarry, adze technology, Aleurites moluccana, AMS dating, early Hawaiian settlement, ICP-OES geochemistry",en,February,,1,37--57,,,,,,,"A {Prehistoric} {Quarry}/{Habitation} {Site} on {Moloka}‘i and a {Discussion} of an {Anomalous} {Early} {Date} on the {Polynesian} {Introduced} {Candlenut} (kukui, {Aleurites} moluccana)",,https://pacificarchaeology.org/index.php/journal/article/view/162,2019-10-29,6,2015
Weisler-2013-JPA,article,,Weisler-2013-JPA,"Weisler, Marshall and Collins, Sara L. and Feng, Yuexing and Zhao, Jian-xin and Shipton, Ceri and Wei, Xun",,,,,,,,,1179-4712,Journal of Pacific Archaeology,"geochemistry, Hawaiian Islands, sourcing, adze technology, basalt adze quarries",en,August,,2,35--57,,,,,,"A {New} {Major} {Adze} {Quarry} from {Nānākuli}, {O}‘ahu","A {New} {Major} {Adze} {Quarry} from {Nānākuli}, {O}‘ahu: {Implications} for {Interaction} {Studies} in {Hawai}‘i",,https://pacificarchaeology.org/index.php/journal/article/view/WeislerCollinsEtAl,2019-10-29,4,2013
Golitko-2013-Sepik,incollection,,Golitko-2013-Sepik,"Golitko, Mark and Schauer, Matthew and Terrell, John Edward","Pacific {Archaeology}: {Documenting} the {Past} 50,000 {Years}",,,,,"Summerhayes, Glenn R. and Buckley, Hallie",,,,,,,,,,43--57,,,University of Otago,,,,Obsidian acquisition on the {Sepik} coast of northern {Papua} {New} {Guinea} during the last two {Millennia},,,,,2013
Dixon-1994-BMOP,article,,Dixon-1994-BMOP,"Dixon, B. and Major, M and Carpenter, A and Stine, C and Longton, B",,,,,,,,,,Bishop Museum Occasional Papers,,,,,,1--19,,,,,,,"Lithic tool production and dryland planting adaptations to regional agricultural intensification: preliminary evidence from leeward {Moloka}‘i, {Hawai}‘i",,,,39,1994
Terrell-2011-Surveys,article,,Terrell-2011-Surveys,"Terrell, John Edward",,,,10.3158/0071-4739-42.1.251,,,,,,Fieldiana Anthropology,,,,,,35--68,,,,,,,Archaeological {Surveys} ({Exploring} {Prehistory} on the {Sepik} {Coast} of {Papua} {New} {Guinea}),,,,42,2011
Terrell-2011-Excavations,article,,Terrell-2011-Excavations,"Terrell, John Edward",,,,10.3158/0071-4739-42.1.251,,,,,,Fieldiana Anthropology,,,,,,69--86,,,,,,,Archaeological {Excavations} ({Exploring} {Prehistory} on the {Sepik} {Coast} of {Papua} {New} {Guinea}),,,,42,2011
McKinlay-1974-NZHPT,article,,McKinlay-1974-NZHPT,"McKinlay, J. R.",,,,,,,,,,NZHPT Newsletter,,,,,,4--6,,,,,,,Elletts {Mountain} {Excavation} 1973-74,,,,3,1974
McKinlay-1975-NZHPT,article,,McKinlay-1975-NZHPT,"McKinlay, J. R.",,,,,,,,,,NZHPT Newsletter,,,,,,6,,,,,,,Elletts {Mountain} {Excavation} 1974-75,,,,5,1975
McKinlay-1983-NZHPT,article,,McKinlay-1983-NZHPT,"McKinlay, J. R.",,,,,,,,,,NZHPT Newsletter,,,,,,6,,,,,,,Elletts {Mountain} {Excavation},,,,19,1983
Weisler-1995-BJLS,article,,Weisler-1995-BJLS,"Weisler, Marshall I.",,,,10.1111/j.1095-8312.1995.tb01099.x,,,,,,Biological Journal of the Linnean Society,,,,,1-2,377--404,,,,,,,Henderson {Island} prehistory: colonization and extinction on a remote {Polynesian} island,,,,56,1995
Metraux-1940-Easter,book,Honolulu,Metraux-1940-Easter,"Métraux, Alfred",,,,,,,,,,,,,,,160,,,,,,B.{P}. {Bishop} {Museum} {Bulletin},,Ethnology of {Easter} {Island},,,,,1940
Maury-2000-Tubuai,book,Orléans,Maury-2000-Tubuai,"Maury, René C. and Guille, Gérard and Guillou, Hervé and Blais, Sylvain and Brousse, Robert",,,,,,,,,,,,,,,,,,,BRGM,,Carte {Géol} {France},,"Notice explicative, feuille {Rurutu} et {Tubuai}, {Polynésie} française",,,,,2000
Bellwood-1978-Cook,book,Honolulu,Bellwood-1978-Cook,"Bellwood, Peter",,,,,,,,,,,,,,,27,,,,B.P. Bishop Museum,,Pacific {Anthropological} {Records},,Archaeological {Research} in the {Cook} {Islands},,,,,1978
Sinoto-1965-Marquesas,techreport,Honolulu,Sinoto-1965-Marquesas,"Sinoto, Yosihiko H. and Kellum, Marimari",,,,,,,Bernice P. Bishop Museum,,,,,,,,,,,,,,,,"Preliminary {Report} on {Excavations} in the {Marquesas} {Islands}, {French} {Polynesia}. {Unpublished} report",,,,,1965
Moore-1996-Lauagae,techreport,Pago Pago,Moore-1996-Lauagae,"Moore, James R. and Kennedy, Joseph",,,,,,,"Historic Preservation Office, American Samoa (ASHPO)",,,,"Polynesia, North America (Continent), United States of America (Country), Adzes, Lithics, Samoa, Quarry Site, 60010 (Fips Code), American Samoa (State / Territory), Amphibian Bones, Basalt Adzes, Basalt flakes, Basalt Sourcing, Chipped Stone, Eastern (district) (County), Fauna, Faunal Analysis, Fish Bones, Flakes, Ground Stone, Lithic Analysis, Settlement Pattern study, Systematic Survey, Tula, Western Polynesia",en,,,,,,,,,,,"Archaeological {Resources} on {Lau}'agae {Ridge}:{A} {Phase} {II} {Cultural} {Resource} {Evaluation} of {Site} {AS}-21-100 (the {Lau}'agae {Ridge} {Quarry}), for {Phase} {III} of the {Onenoa} {Road} {Project} {Located} in {East} {Vaifanua} {County}, {Tutuila} {Island}, {American} {Samoa}",,,,,1996
Johnson-2013-Tutuila,phdthesis,,Johnson-2013-Tutuila,"Johnson, Phillip R.",,,,,,,,,,,,,,,,,,,,Texas A\&M University,,,"Elemental and {Technological} {Analyses} of {Basalt} {Adze} {Manufacture} on {Tutuila}, {Amerika} {Samoa}: {Economic} {Intensification} and {Specialization} {During} the {Monument} {Building} {Period}",{PhD} {Thesis},,,,2013
Frost-1978-Tutuila,phdthesis,Eugene,Frost-1978-Tutuila,"Frost, J.",,,,,,,,,,,,,,,,,,,,University of Oregon,,,"Archaeological investigations on {Tutuila}, {American} {Samoa}",{PhD} {Thesis},,,,1978
Clark-1997-Interactions,incollection,,Clark-1997-Interactions,"Clark, Jeffrey T. and Wright, E. and Herdrich, David J.",Prehistoric {Long}-{Distance} {Interaction} in {Oceania}: {An} {Interdisciplinary} {Approach},,,,,"Weisler, Marshall I.",,978-0-9597915-4-9,,,,,,,,68--83,,,New Zealand Archaeological Association,,,,Interactions within and beyond the {Samoan} archipelago: evidence from basaltic rock geochemistry,,,,21,1997
Johnson-2007-JAS,article,,Johnson-2007-JAS,"Johnson, Phillip R. and Pearl, Frederic B. and Eckert, Suzanne L. and James, William D.",,,,10.1016/j.jas.2006.09.022,,,,,0305-4403,Journal of Archaeological Science,"Polynesia, Basalt, Samoa, INAA, Quarry, Provenance study",en,July,,7,1078--1086,,,,,,{INAA} of pre-contact basalt quarries on the {Samoan} {Island} of {Tutuila},{INAA} of pre-contact basalt quarries on the {Samoan} {Island} of {Tutuila}: a preliminary baseline for an artifact-centered provenance study,,http://www.sciencedirect.com/science/article/pii/S0305440306002007,2020-07-28,34,2007
McCoy-2020-QR,article,,McCoy-2020-QR,"McCoy, Mark D. and Cervera, Caroline and Mulrooney, Mara A. and McAlister, Andrew and Kirch, Patrick V.",,,,10.1017/qua.2020.38,,,,,,Quaternary Research,"Archaeology, Long-distance voyaging, Obsidian, Polynesia, pXRF, Tikopia, Tonga, Volcanic glass",en,,Publisher: Cambridge University Press,,1--9,,,,,,,Obsidian and volcanic glass artifact evidence for long-distance voyaging to the {Polynesian} {Outlier} island of {Tikopia},,,2020-07-28,,2020
